id,reviews,sentiment,project_name,
2.49E+17,是正品，物美价廉，态度好，实用,正面,清洁护肤,
2.49E+17,没有味道，很放心,正面,清洁护肤,
2.49E+17,香味好浓,负面,清洁护肤,
2.49E+17,小小一瓶，比较可爱，包装比较喜欢，因为先用的这个牌子的身体的，非常好用，又入手了脸部的，天气太热了，抹到皮肤上会感觉到油油的，不过吸收到是挺快的，睡觉的时候不会感觉到油腻，希望皮肤会越来越好，会回购的,正面,清洁护肤,
2.49E+17,好用的，没有那种重的香味,正面,清洁护肤,
2.49E+17,东西很不错，支持京东，放心购买京东自营商品。赞赞赞赞,正面,清洁护肤,
2.49E+17,怎么说呢，感觉洗的不太干净，洗完还是感觉头皮有点痒。,负面,清洁护肤,
2.49E+17,面膜直接给了一个塑料袋包装，唉。太差了,负面,清洁护肤,
2.49E+17,京东的物流确实很给力，很快就收到货了。,正面,清洁护肤,
2.49E+17,之前看别人介绍买了一瓶我家大宝用，确实用完不错，头发滑滑的，这有活动又囤了几瓶，天气越来越热每天都要洗头，用的也比较快，多买几瓶备着,正面,清洁护肤,
2.49E+17,哈哈,中性,清洁护肤,
2.49E+17,在抖音看到的，买来给小宝宝试用了一下，挺不错，??,正面,清洁护肤,
2.49E+17,香香的，孕期胸部按摩用，每天坚持，希望产后奶水不要堵住，预防为主，先疏通下**。,正面,清洁护肤,
2.49E+17,用过很多次了，敏感肌，用孕妇产品放心,正面,清洁护肤,
2.49E+17,买过好几次了~挺好用的~适合冬天擦全身以及平时擦孕肚~舒暖滋润~,正面,清洁护肤,
2.49E+17,东西还是不错的，温和无刺激,正面,清洁护肤,
2.49E+17,孩子喜欢这个味道，买了这个自己洗头！,正面,清洁护肤,
2.49E+17,媳妇儿说很好用，包括那个爽肤水的小样也是，以后会回购的,正面,清洁护肤,
2.49E+17,给大宝买的，味道清淡温和，宝贝很喜欢,正面,清洁护肤,
2.49E+17,很滋润的素颜霜温和不刺激,正面,清洁护肤,
2.49E+17,看着还不错的样子，以后用吧，还在备孕，提前准备好,正面,清洁护肤,
2.49E+17,好好好,中性,清洁护肤,
2.49E+17,挺好的，很湿润,正面,清洁护肤,
2.49E+17,几乎没有什么味道，吸收比较快，洗完澡一定要及时涂抹更便于吸收，配合身体乳效果更佳,正面,清洁护肤,
2.49E+17,味道都是很温和的，刚使用中,正面,清洁护肤,
2.49E+17,还可以，干燥的皮肤有点缓解，气味也不大。,负面,清洁护肤,
2.49E+17,自从生了孩子之后，感觉胸部松垮的特别厉害，就立马下单买了这个，到现在已经空管好多支了，并且一直在回购，足以见得我对它有多么的喜爱，不仅效果好，而且还性价比高，唯一不足之处就是有一股巧克力的味道，让人闻了很想吃。我会一直坚持用下去。总觉得医美没有这种坚持用护肤加手法按摩好，真的比假的好,正面,清洁护肤,
2.49E+17,非常好用推荐入手好评好评,正面,清洁护肤,
2.49E+17,味道好闻，也比较好用，喜欢,正面,清洁护肤,
2.49E+17,比较温和的一款，值得购买,正面,清洁护肤,
2.49E+17,老婆用的，好像比之前好点。,正面,清洁护肤,
2.49E+17,皮肤干燥，偶尔洗澡后用。,中性,清洁护肤,
2.49E+17,好用，但用了大半瓶以后按压的瓶嘴坏了，摁不出来了。,负面,清洁护肤,
2.49E+17,孩子用了居然过敏，只能我用。大人用太柔和了。,负面,清洁护肤,
2.49E+17,产品收到了，用了小样没有不合适的情况，整体不错，夏天用也挺好的，查了一下成分都是孕妇可以用的，很安心推荐,正面,清洁护肤,
2.49E+17,哈哈哈便宜好用还行满意,正面,清洁护肤,
2.49E+17,就是香味有点太浓了，其他还行。,负面,清洁护肤,
2.49E+17,刚好做活动，价格便宜了很多，性价比超高，真的特别划算。整体来说，还是很好的，非常值得再次回购。,正面,清洁护肤,
2.49E+17,一到冬天身上手上就很干燥，用身体乳护手霜可以很好缓解，抹上皮肤润润的，很喜欢，味道淡淡的，清香型，还不错，值得回购，哈哈,正面,清洁护肤,
2.49E+17,老婆让买的，非常不错哦,正面,清洁护肤,
2.49E+17,很好用哦产品包装：送来的时候包装有些简陋产品香味：椰子味道很香使用感受：蛮滋润的,负面,清洁护肤,
2.49E+17,好东西，很好，娃娃很喜欢！,正面,清洁护肤,
2.49E+17,适合体质：第二次购买了，孕妇也能用。非常有效果，复购复购！推荐大家使用。,正面,清洁护肤,
2.49E+17,无色无香，很滋润。。,正面,清洁护肤,
2.49E+17,质量不错，价格合适，还会再买。。。。。。,正面,清洁护肤,
2.49E+17,味道好闻，干净不紧绷。,正面,清洁护肤,
2.49E+17,货已经收到，质量很好，吸收效果非常棒，很滋润但是不油腻，价格便宜实惠，值得购买。,正面,清洁护肤,
2.49E+17,挺好用的，洗了头发几天都不油也不痒，也没有味道，推荐！,正面,清洁护肤,
2.49E+17,用着还不错，妈妈和姐姐都喜欢，哈哈,正面,清洁护肤,
2.49E+17,用着不错,正面,清洁护肤,
2.49E+17,第二次购买了，感觉还是有点用，贵在坚持，便宜量多也是有点，京东品质，一直信赖,正面,清洁护肤,
2.49E+17,从有宝宝开始一直用这个棒棒,中性,清洁护肤,
2.49E+17,这款妆字号的用着还行,正面,清洁护肤,
2.49E+17,产品包装：变形了,负面,清洁护肤,
2.49E+17,亲润很好用的，一直在用，只不过第一次在京冬上买，超好的，好评。,正面,清洁护肤,
2.49E+17,效果不错，用一次就有改善，不刺激，满意,正面,清洁护肤,
2.49E+17,一直都用这个，不刺激的啊,正面,清洁护肤,
2.49E+17,味道不好,负面,清洁护肤,
2.49E+17,味道很好闻，起泡很快的，清洁力度可以的,正面,清洁护肤,
2.49E+17,评价一下我收到了这个商品,中性,清洁护肤,
2.49E+17,东西很好，物流快，很香，看自己是否能接受,正面,清洁护肤,
2.49E+17,福来精华油适合我这种干燥肌肤，用脸上一会就吸收了,正面,清洁护肤,
2.49E+17,味道很好闻，很好用,正面,清洁护肤,
2.49E+17,盘珠子用的，好用 ,正面,清洁护肤,
2.49E+17,挺好用的，涂了后脸变得更白了,正面,清洁护肤,
2.49E+17,好用.孕期痘痘长了很多.用完一阵子皮肤恢复光滑,正面,清洁护肤,
2.49E+17,很好用呢，不怎么油很适合孕期,正面,清洁护肤,
2.49E+17,产品香味：没有特殊气味，哺乳期很友好使用感受：挺好的，很舒爽产品包装：我很喜欢，清新自然,正面,清洁护肤,
2.49E+17,还可以吧，用起来看看，呵呵,中性,清洁护肤,
2.49E+17,超级便宜的了，我在哺乳期也用的这个，还是很不错,正面,清洁护肤,
2.49E+17,感觉还可以吧，买来给娃娃用的。,正面,清洁护肤,
2.49E+17,第一次买这个品牌的产品，一次买了很多，有沐浴露洗发露双用的，还是很值得信赖的，还会再回购。买买了很多这个品牌的产品。沐浴露。洗发水。pp霜？润肤露。,正面,清洁护肤,
2.49E+17,小孩子的东西一直都认准这个牌子，法国进口的,中性,清洁护肤,
2.49E+17,对我来说，用着还可以，生产完，还能用,正面,清洁护肤,
2.49E+17,味道挺好闻。。不刺鼻。。,正面,清洁护肤,
2.49E+17,洗了快半个月，居然把头皮屑都洗出来了之前从来都没有头皮屑的，说得这么好结果哎.......,负面,清洁护肤,
2.49E+17,买完发现降价了，别人还有礼品送，不开心?！关键也不好用，特别油！,负面,清洁护肤,
2.49E+17,喜欢在京东买东西是因为它速度快，很方便了,正面,清洁护肤,
2.49E+17,没有香味或特殊气味，我喜欢。挺滋润,正面,清洁护肤,
2.49E+17,多年前用过这款，味道还是熟悉的巧克力味儿，坚持使用希望有效果！,正面,清洁护肤,
2.49E+17,种草，还没用，期待效果,中性,清洁护肤,
2.49E+17,越用越喜欢,正面,清洁护肤,
2.49E+17,比较信任红色小象。。。。。,中性,清洁护肤,
2.49E+17,撮合,中性,清洁护肤,
2.49E+17,不错不错?,正面,清洁护肤,
2.49E+17,看直播效果挺好买来先试一下,中性,清洁护肤,
2.49E+17,什么叫速度我就不说了。晚上11点下单，第二天上午收到货了,正面,清洁护肤,
2.49E+17,泡沫很多，洗的很干净,正面,清洁护肤,
2.49E+17,产品香味：香香的使用感受：暂时没有明显变化，继续观察,负面,清洁护肤,
2.49E+17,朋友买的，使用了再写追评,中性,清洁护肤,
2.49E+17,很好很划算。值得回购。。。,正面,清洁护肤,
2.49E+17,这款产品也很好用，第一次买本来还有些担心，用完几次发现确实滋润,正面,清洁护肤,
2.49E+17,产品香味：不会很浓香味起泡效果：还可以使用效果：洗完比较顺滑,正面,清洁护肤,
2.49E+17,看到~，有人用这个，买来试试，还可以，用来按摩皮肤,中性,清洁护肤,
2.49E+17,用后脸上不会油油的，很清淡的香味,正面,清洁护肤,
2.49E+17,孕期爱出油，早晚洗一次刚好，洗完后脸也不干，出沫多，很喜欢，味道不重。,正面,清洁护肤,
2.49E+17,信赖大品牌选购的这个产品，用起来很好没有不适感，不出意外继续回购,正面,清洁护肤,
2.49E+17,用起来很好的，接着使用啦,正面,清洁护肤,
2.49E+17,孕妇使用更安全，推荐,正面,清洁护肤,
2.49E+17,是否易过敏：不过敏 滋润效果：特别滋润。因为在北方，春天特别干燥，从月子会所回到家就起湿疹，陆陆续续起了几次，前几天突然严重了，红疹子，皮肤粗糙，脸都花了，还起皮，看了小红书说要保湿，涂了几次乳液和霜湿疹立马就好了，对于我家娃还挺管用的，现在每天都涂，宝宝皮肤变得特别好，也光滑白净了，好评！ 清爽程度：有一点点油腻，不过很快就吸收了。 ,正面,清洁护肤,
2.49E+17,很不错的面膜，很滋润,正面,清洁护肤,
2.49E+17,不错，试用了一下，不是很油，很好吸收！,正面,清洁护肤,
2.49E+17,某书看到的，大品牌值得信赖,正面,清洁护肤,
2.49E+17,一直用璧丽产品，大爱，已经推荐给朋友们了。活动果断入手。,正面,清洁护肤,
2.49E+17,还不错，还不错，还不错?,正面,清洁护肤,
2.49E+17,不经用，用完了，没一个月,负面,清洁护肤,
2.49E+17,超值,中性,清洁护肤,
2.49E+17,非常好，宝宝很喜欢。味道淡淡的，也很滋润,正面,清洁护肤,
2.49E+17,孩子用的不错。。。。。,正面,清洁护肤,
2.49E+17,很温和，不错。,正面,清洁护肤,
2.49E+17,孕期产后老婆一直在用，复购好多次了,正面,清洁护肤,
2.49E+17,好评好评好评好评,中性,清洁护肤,
2.49E+17,回购款，使用感觉很好，不止孕妈用，跟人觉得成人都可以用。会继续回购。,正面,清洁护肤,
2.49E+17,第一次用这个牌子，味道不好闻,负面,清洁护肤,
2.49E+17,还没用，但是都说这个是最好的,正面,清洁护肤,
2.49E+17,物品已收到，怀孕以来都是用的亲润，看着还不错,正面,清洁护肤,
2.49E+17,感觉还不错，挺滋润的。,正面,清洁护肤,
2.49E+17,老婆说要用这个孕妇的洗头不知道好不好,中性,清洁护肤,
2.49E+17,保湿滋润，价格实惠。,正面,清洁护肤,
2.49E+17,备着,中性,清洁护肤,
2.49E+17,还可以啊！有需要可以购买,正面,清洁护肤,
2.49E+17,挺好用的，闺女之前用的红色小象起头皮屑，换了这款好了，泡沫好清洗，淡淡的香味,正面,清洁护肤,
2.49E+17,不好用、只是怀孕了冲着成分安全才买的,负面,清洁护肤,
2.49E+17,给孩子换的洗发水，用了感受不错，也没有出现头皮痒的不适情况！,正面,清洁护肤,
2.49E+17,孕期一直在用的，不错哈,正面,清洁护肤,
2.49E+17,好用，每天晚上和早上都用,正面,清洁护肤,
2.49E+17,这款按摩油保湿效果很好，用完皮肤清爽不油腻,正面,清洁护肤,
2.49E+17,一直用这个，质量不错，价格公道,正面,清洁护肤,
2.49E+17,断货好久了，终于买到了,中性,清洁护肤,
2.49E+17,很好，很容易吸收,正面,清洁护肤,
2.49E+17,一直在用这款洗头水，做活动买的，物美价廉，第一次买到这么便宜的东西，高兴?唯一有点疑惑这次包装不如从前精细，我点皱皱巴巴的，看上去不太尽人意。还好咨询了一下客服，说是换包装啦，不影响使用。这才放心。回头试试看，,负面,清洁护肤,
2.49E+17,用了半个月了，感觉效果很好，补水补够了脸也就白起来了，没有用之前脸部是暗淡无光，用完之后感觉水补起来了就变得有光泽度了，(也许是心里作用)孕期用很好，,正面,清洁护肤,
2.49E+17,和亚洲版的稀了，一般般的,中性,清洁护肤,
2.49E+17,怀孕了，用这个，在京东买放心,正面,清洁护肤,
2.49E+17,非常好用，价格便宜。值得购买。。。。。。。,正面,清洁护肤,
2.49E+17,老婆很喜欢,正面,清洁护肤,
2.49E+17,宝贝心仪很久了，趁活动时候买真的太划算了，喜欢的不要犹豫啊发货超级快，到货超级快，包装很精致，真的是开启了新世界的大门&hellip;&hellip;便宜又实惠，买了好多，宝贝一如既往的好?，性价比非常高，大品牌值得信赖?,正面,清洁护肤,
2.49E+17,好用，之前用二合一的洗头发，头发不够油顺,正面,清洁护肤,
2.49E+17,还可以吧上次买的用完了,正面,清洁护肤,
2.49E+17,好的?不错??,正面,清洁护肤,
2.49E+17,别买他家东西，同一时间买的，有的老早到了，剩下的说不让发货，不让发货下单时也不知道说？！,负面,清洁护肤,
2.49E+17,第二次买,中性,清洁护肤,
2.49E+17,买给老婆的小礼物，还送了个试用装^_^。根据内人的反馈，使用后不油腻，感觉很舒服，物有所值的，就是价格确实不便宜，这么一小瓶哈哈,负面,清洁护肤,
2.49E+17,还可以,正面,清洁护肤,
2.49E+17,挺好用的，去角质去的干净,正面,清洁护肤,
2.49E+17,这个洗发水给孩子们用了好几年了。很不错，属于家常必备货。,正面,清洁护肤,
2.49E+17,不错经济实惠京东自营,正面,清洁护肤,
2.49E+17,一直用这个牌子，皮肤越来越好。,正面,清洁护肤,
2.49E+17,不错的,正面,清洁护肤,
2.49E+17,京东自营送货很快，产品很好,正面,清洁护肤,
2.49E+17,很好用不油腻推介孕妈妈,正面,清洁护肤,
2.49E+17,第N次回购,正面,清洁护肤,
2.49E+17,物流非常快，质量也是特别好，没得说,正面,清洁护肤,
2.49E+17,东西收到了，质量很好，家人都非常喜欢，一直以来都相信京东的品质，以后还会再次购买,正面,清洁护肤,
2.49E+17,不错，价格适合，希望不错,正面,清洁护肤,
2.49E+17,京东购买，优惠多多，赞一个。,正面,清洁护肤,
2.49E+17,一次买两瓶，抹脸抹肚皮，孕期也要美美哒,中性,清洁护肤,
2.49E+17,还可以，挺好用的,正面,清洁护肤,
2.49E+17,起泡效果：丰富产品香味：淡淡的使用效果：挺好的其他特色：包装还不错,正面,清洁护肤,
2.49E+17,从怀孕开始用，现在也一直用,中性,清洁护肤,
2.49E+17,产品包装：包装的很不错，简单大方。产品香味：味道清雅醇厚,正面,清洁护肤,
2.49E+17,非常好用哦，用了一段时间没长痘，保湿效果还不错，另外我是干皮的，总体还不错的，好评，用完继续下单,正面,清洁护肤,
2.49E+17,一开始犹豫了很久要不要买belli，因为~上关于belli的笔记实在太少，作为孕妇又需要特别谨慎，最后在朋友的推荐下，我买了这一整套水乳精华隔离霜，使用小样后觉得还是挺不错的，特别温和,正面,清洁护肤,
2.49E+17,同事在实体店买的这款我试用了一下，很好用，比实体店便宜，很满意,正面,清洁护肤,
2.49E+17,洗面奶的味道不好闻，不过好洗,负面,清洁护肤,
2.49E+17,入秋后感觉皮肤特别干燥，朋友推荐了这款油，试了试感觉吸收特别快！,正面,清洁护肤,
2.49E+17,挺好的，价格适中，质量看着不错 ,正面,清洁护肤,
2.49E+17,基本无味，洗起来泡沫很细腻，洗完脸后没有特别紧绷的感觉，使用感挺不错的,正面,清洁护肤,
2.49E+17,泡沫丰富，洗完皮肤不会干燥，而且气味很淡，推荐购买。,正面,清洁护肤,
2.49E+17,在别的地方看到的推荐，使用很不错,正面,清洁护肤,
2.49E+17,第二次购买一如既往的好，下次还会继续光顾，如有喜欢的可以放心入手了。,正面,清洁护肤,
2.49E+17,用的不好，越用越痒,负面,清洁护肤,
2.49E+17,润肤露，用着不油腻，滋润效果很好，就是味道个人不是很喜欢，其它都还好,负面,清洁护肤,
2.49E+17,包装完整，物流速度快，服务好，五星好评,正面,清洁护肤,
2.49E+17,物流快价格合适用完继续回购,正面,清洁护肤,
2.49E+17,柔和不刺激，推荐购买,正面,清洁护肤,
2.49E+17,怀孕后一直用亲润的产品，温和无刺激，没有不良反应。,正面,清洁护肤,
2.49E+17,保湿效果：吸收水分很好很保湿吸收效果：很好,正面,清洁护肤,
2.49E+17,怀了两次孩子选用的都是这个牌子不刺激无味道干爽补水,正面,清洁护肤,
2.49E+17,挺好哒，收到就开始用啦,正面,清洁护肤,
2.49E+17,特意又多用了两次，写一个追评，我觉得这款产品真心好用，我觉得即使非孕妇也可以用这款产品，洗完头发非常的蓬,正面,清洁护肤,
2.49E+17,不愧是大牌子，很是推荐的,正面,清洁护肤,
2.49E+17,第一次买这个，用过，洗的挺干净的。,正面,清洁护肤,
2.49E+17,看包装挺不错的，给我家宝宝用,正面,清洁护肤,
2.49E+17,快递快,中性,清洁护肤,
2.49E+17,想买原来的橄榄味，但没货了,中性,清洁护肤,
2.49E+17,整体评价：超级棒、淡淡清香、不重鼻，怀孕后味到一点味道都受不了、这个清香就很舒服?? 保湿不油腻、性价比超级高、再入手一瓶备用！ 我觉得包装也是很给力、有按的、有盖子这样很方便外出携带、赞赞赞 ,正面,清洁护肤,
2.49E+17,不错，试着用来面部刮痧，吸收很快,正面,清洁护肤,
2.49E+17,涂在身上吸收挺快的，希望有效果,正面,清洁护肤,
2.49E+17,不是快递丢了，就是快递卡路上，就是仓库里的库存打碎了没货了！跟我说没货，而我朋友买的却可以一个星期内收到货！我不理解这是什么操作！同一家店，收件地址差不多，我的一件都到不了，体验感真的非常差！  ,负面,清洁护肤,
2.49E+17,很润，一直在买，在用，,正面,清洁护肤,
2.49E+17,效果还不错，用了确实有明显的效果，但是要注意加强按摩，按摩出来的效果会更好,正面,清洁护肤,
2.49E+17,已使用，味道很淡，无过敏现象。,正面,清洁护肤,
2.49E+17,还没用，看着不错，除了太小,负面,清洁护肤,
2.49E+17,这款洗面奶洗了后，脸不紧绷，又不油腻，很清爽，孕产期就用它了,正面,清洁护肤,
2.49E+17,挺好的，老婆用着很舒心。,正面,清洁护肤,
2.49E+17,干爽不油腻，感觉很好，继续支持,正面,清洁护肤,
2.49E+17,很好，用着没有奇怪的味道，做了功课买的，希望有用,正面,清洁护肤,
2.49E+17,妙思乐的洗发露确实不错，香味泡沫都非常好，由于之前发错了货，耽搁了几天，双十一的压力让物流还是受到了影响，虽然晚了几天，还好没有耽误我家宝宝的正常使用。,正面,清洁护肤,
2.49E+17,用着还可以，摸上去凉凉的,正面,清洁护肤,
2.49E+17,未用,中性,清洁护肤,
2.49E+17,表姐怀了二胎，让我再买一份给她，这款没什么味道，乳液也清清爽爽不油腻，很适合一开始孕吐严重，对气味比较敏感的人～,正面,清洁护肤,
2.49E+17,有股淡淡的清香，孩子很喜欢,正面,清洁护肤,
2.49E+17,这款精华不错，用着不油腻，很补水。,正面,清洁护肤,
2.49E+17,好用，舒服，不刺激,正面,清洁护肤,
2.49E+17,还可以没啥不好但是不能经常用,正面,清洁护肤,
2.49E+17,嗯嗯我也不是没有理由对方,中性,清洁护肤,
2.49E+17,第一次用，但是挺好用的，就是泡沫不多,负面,清洁护肤,
2.49E+17,京东购物购物很方便，支持,正面,清洁护肤,
2.49E+17,包装很精美保湿度高还有淡淡的香味,正面,清洁护肤,
2.49E+17,不错呢！,正面,清洁护肤,
2.49E+17,东西不错，一直在用，不知道月子期间，大人孩子能不能一起用啊,正面,清洁护肤,
2.49E+17,物流很快服务态度也好,正面,清洁护肤,
2.49E+17,买给老婆的，应该还不错吧,正面,清洁护肤,
2.49E+17,这个身体乳很好用，很滋润但不油腻，很适合这个季节用！,正面,清洁护肤,
2.49E+17,还没开始用呢，打开看了一下，闻起来味道淡淡的，过几天天凉了就可以用了，看起来很不错,正面,清洁护肤,
2.49E+17,挺好用，比较柔和,正面,清洁护肤,
2.49E+17,非常的香，孩子挺喜欢用。,正面,清洁护肤,
2.49E+17,产品效果好！保湿滋润效果好,正面,清洁护肤,
2.49E+17,在网上对比了很久。决定买这个牌子的护肤品，618做活动买了好多。发货也很快，还送了面膜赠品，收到后先用了小样试了试，，很温和。,正面,清洁护肤,
2.49E+17,好。。。。。。。。。。。。,中性,清洁护肤,
2.49E+17,产品还没使用，等使用再追加评论。,中性,清洁护肤,
2.49E+17,很润，一直在用,正面,清洁护肤,
2.49E+17,囤货,中性,清洁护肤,
2.49E+17,挺好用的，补水效果非常好，买了2次了。,正面,清洁护肤,
2.49E+17,气味很淡，效果不太明显，不过孕妇的东西可能就这样,负面,清洁护肤,
2.49E+17,先买了一个小毫升的、抱着试试的心态！搭配了润肤乳一起、防止月份大了身体长纹纹。每天洗完澡都会自己涂抹，现油后乳，一点儿不粘挺好吸收的！对了几个牌子，这两款的成分最安全！,正面,清洁护肤,
2.49E+17,眼霜很好用。一滴就可以满足我两个眼睛周围的需要了。挺滋润的，有一个淡淡的味道。用起来很清爽，一下子就吸收了。不油腻也不粘稠，很适合我的皮肤。,正面,清洁护肤,
2.49E+17,好的东西都是这样的事情,中性,清洁护肤,
2.49E+17,很滋润呀我宝宝一直用这个牌子安全保湿值得推荐,正面,清洁护肤,
2.49E+17,孕妇专用，很健康，放心，清洁效果好,正面,清洁护肤,
2.49E+17,润,中性,清洁护肤,
2.49E+17,囤货的,中性,清洁护肤,
2.49E+17,产品两天就收到了，包装很认真！用了小样，没有过敏的情况，孕妇放心用,正面,清洁护肤,
2.49E+17,身体乳很好用，滋润不粘腻，搞活动一次性买了两瓶,正面,清洁护肤,
2.49E+17,挺好的精油，用后很滋润，洗手挺快的，因为疫情原因发挥比较慢，是因为我这里不能收货，卖家态度挺少的，，我很喜欢，用后还来买,正面,清洁护肤,
2.49E+17,相信大品牌，相信京东，针对孕妇的洗面奶。,中性,清洁护肤,
2.49E+17,看~购买的，特别滋润，用来刮痧特别棒,正面,清洁护肤,
2.49E+17,真的大无语事件，前面用了一两次就感觉头皮屑越来越多了，这下连续用了一个月的样子，我的妈，我简直就是移动的人形头皮屑机器，真的吐了，198买这么个玩意儿。,负面,清洁护肤,
2.49E+17,洁面效果很好，泡泡非常细腻,正面,清洁护肤,
2.49E+17,拯救了我的头发，没有味道的感觉真是太棒了！,正面,清洁护肤,
2.49E+17,怀孕买了用的孕妇专门用的买了用的比较放心很温和不拔干还很贴心送了旅行装出门可以带着呀每个孕妇都可以美美哒～,正面,清洁护肤,
2.49E+17,已收到货，物流好快，昨天下单，今天就到了，已经用上了，没有什么不适的，有一股淡淡的香味。,正面,清洁护肤,
2.49E+17,用着挺保湿，就是保持时间太短，俩小时就吸收了,负面,清洁护肤,
2.49E+17,漏的哪都是，旋转瓶口以后直接就挤出来，感觉像用过的那种，新的都要按压几下才会出的,负面,清洁护肤,
2.49E+17,收到时候验证码就已经刮开了，瓶身绿色部分都有褪色印刷的感觉，也不知道可不可靠真假？,负面,清洁护肤,
2.49E+17,生老二囤货来的，用了优惠券很便宜,正面,清洁护肤,
2.49E+17,疫情期间也不影响送货速度！,正面,清洁护肤,
2.49E+17,精华很好用，用过之后不过敏，还便宜,正面,清洁护肤,
2.49E+17,买回来特别的好用，谢谢京东，相信京东,正面,清洁护肤,
2.49E+17,产品很好用。好适合自己。物流也非常快,正面,清洁护肤,
2.49E+17,很好，满意。,正面,清洁护肤,
2.49E+17,包装简洁大方。粉粉嫩嫩的，清清爽爽，看起来让人心情愉悦。香味不浓，(*?&acute;╰╯`?)?很是宜人，因为本身也不喜欢日常用品带有香味，所以就个很不错。温润清洁皮肤，关键是洗完脸不干不紧绷，清洁能力很不错。,正面,清洁护肤,
2.49E+17,之所以中评完全是因为配送员因为家中没人所以配送员说放在快递柜这都没问题结果人家给我来了个暂存一小时之后就要收费也不告诉我最后取个包裹花了我三块钱,负面,清洁护肤,
2.49E+17,纯白色的包装简单利落，打开闻到淡淡的味道，我一般一次挤半个手指腹大小的洗面乳在掌心，轻搓起泡开始涂脸上洗脸，感觉挺温和，特意用了几天才来评价～温和不刺激，保湿乳涂上后感觉皮肤紧致起来但不紧绷，希望用一段时间后达到补水的效果。,正面,清洁护肤,
2.49E+17,只用油这些都是长期回购不断再尝试新的这款拿来刮痧按摩都很不错左边都是一直回购的右边是不断尝新的只用油这些都是长期回购不断再尝试新的左边都是一直回购的右边是不断尝新的,正面,清洁护肤,
2.49E+17,第一次用这个牌子的橄榄油，有股淡淡的香味不油腻，涂上去稍微按摩一下就全部吸收了！,正面,清洁护肤,
2.49E+17,实惠好用物美价廉,正面,清洁护肤,
2.49E+17,很香之前用的洗发水都是无香的,正面,清洁护肤,
2.49E+17,产品香味：淡淡的香味产品包装：完好无损使用感受：非常滋润,正面,清洁护肤,
2.49E+17,趁着双十一囤的，物流和产品都不错，性价比高，赞赞赞???,正面,清洁护肤,
2.49E+17,宝宝一直在用,中性,清洁护肤,
2.49E+17,刚回来就在自己手上试了，淡淡的茶香味，爱啦，孩子一定喜欢，,正面,清洁护肤,
2.49E+17,不错，挺好的,正面,清洁护肤,
2.49E+17,一直信赖京东的产品，质量有保证,正面,清洁护肤,
2.49E+17,第一次买，双十一囤的，还没开始用，希望好用吧,中性,清洁护肤,
2.49E+17,东西挺好的，好涂开也挺滋润,正面,清洁护肤,
2.49E+17,很好，已是袋鼠系列的老顾客了，等用到好的话还会追评 ,正面,清洁护肤,
2.49E+17,一个广告公司做广告就是,中性,清洁护肤,
2.49E+17,从怀孕开始一直使用这个品牌的洗面奶第一次买这个粉色的，貌似没有大米那款好用，香味太浓了，不过倒也不干不紧绷。,负面,清洁护肤,
2.49E+17,讲解到位，调试顺利，使用方便，颜色也好看，有质感，科技感，大品牌值得信赖，是行货，是个好卖家，终于收到了，东西很好，很时尚，邻居都说好想买羡慕了，斥巨资买了，外观非常精致漂亮，杠杠的，颜色很漂亮高端大气上档次，确认晚了，东西是很好的，比预想的要好很多，品牌值得放心购买，东西很好，物流很快，是正品，用了一段时间了，还不错，没啥问题，哈哈哈哈最后一条哦，发货快服务好有问必答真不错，,正面,清洁护肤,
2.49E+17,物美价廉，不错不错，建议需要的人考虑购买！,正面,清洁护肤,
2.49E+17,脏,负面,清洁护肤,
2.49E+17,挺好的，这个很棒，适合人用。挺好的。,正面,清洁护肤,
2.49E+17,物流很快，赶上活动价格也合适。,正面,清洁护肤,
2.49E+17,一周使用一次，对孕妈妈来说完全是能够接受的。整体来说用起来出角质特别快，皮肤没有擦伤的感觉。轻搓几下就有效果了。配合着身体乳保湿锁水使用两次后就有一些效果了！,正面,清洁护肤,
2.49E+17,一直用亲润的孕期用品，没有太重的味道，还很滋润，非常不错,正面,清洁护肤,
2.49E+17,涂起来不会黏黏的，孕期皮肤太干了，很不错,正面,清洁护肤,
2.49E+17,效果也就那样一般般吧，和哈闪罗的差不多。,负面,清洁护肤,
2.49E+17,还没用。不知道效果。,中性,清洁护肤,
2.49E+17,感觉还可以,正面,清洁护肤,
2.49E+17,不错，很喜欢???,正面,清洁护肤,
2.49E+17,孕期一直担心护肤问题，这也不敢用那也不敢用，看了很多评测和资料，最后原因了贝德美，专业做孕妇的护肤品用起来也很有安全感，用起来也很清爽，超级喜欢呀。,正面,清洁护肤,
2.49E+17,不错很好用味道很好闻,正面,清洁护肤,
2.49E+17,挺滋润的，很好的，值得购买,正面,清洁护肤,
2.49E+17,第二次买了，觉得挺好用的，上次9.9抢的,正面,清洁护肤,
2.49E+17,怀孕后就用他家的，还不错,正面,清洁护肤,
2.49E+17,泡面绵密，洗的干净，一点味道都没有，特别适合孕妇,正面,清洁护肤,
2.49E+17,还可以，小瓶的适合外出携带方便,正面,清洁护肤,
2.49E+17,东西很好抹完皮肤滑滑的嫩嫩的,正面,清洁护肤,
2.49E+17,挺好的，用起来不错，值得拥有。,正面,清洁护肤,
2.49E+17,买来还没用呢,中性,清洁护肤,
2.49E+17,媳妇还在哺乳期，一直用的亲润这个牌子的产品，很实惠，很放心，好产品推荐大家使用，支持京东自营！,正面,清洁护肤,
2.49E+17,用了好几瓶，可可香味，有紧致效果。,正面,清洁护肤,
2.49E+17,实惠,中性,清洁护肤,
2.49E+17,还不错物美价廉值得购买！,正面,清洁护肤,
2.49E+17,使用中,中性,清洁护肤,
2.49E+17,还没用呢。先好评吧。,中性,清洁护肤,
2.49E+17,味道清新，超级喜欢，用作刮痧油炒鸡好。不会感到很油腻。又刚刚好可以滋润皮肤。质地轻薄。好吸收。期待透亮的奶油肌。加油呀。,正面,清洁护肤,
2.49E+17,产品包装：东西收到了，还没有使用，暂不评价！,中性,清洁护肤,
2.49E+17,默认好评,中性,清洁护肤,
2.49E+17,产品包装：简约时尚，包装比较喜欢产品香味：没有香精味，这个还是很不错的，算照顾孕妈的嗅觉了使用感受：使用起来其实就是无功无过啦，不一定要选，唯一吸引就是叶酸两个字了适合体质：用起来会有比较干燥，不太好。,负面,清洁护肤,
2.49E+17,很好用，孕期买了几套了，补水效果不错，到时候哺乳期也可以用，香皂也好用,正面,清洁护肤,
2.49E+17,效果不错，就是味道不好闻,负面,清洁护肤,
2.49E+17,使用效果：还可以的，就是除了有味道，比较油其余还好 ,负面,清洁护肤,
2.49E+17,挺好用的，不错，不懂有没效果,正面,清洁护肤,
2.49E+17,使用了一周了，感觉非常好用，没有过敏的反应，因为是第一次怀孕所以导致前期什么化妆品都不敢用了那天刷~无意间看到了这个果断买了到货也超级快补水的效果蛮好的脸上摸着软软的特别喜欢用后期还要来买，这个乳液的泵头真的很好，旋转按压的,正面,清洁护肤,
2.49E+17,洗头发用，感觉不错，怀孕7个月，洗了头发比较顺,正面,清洁护肤,
2.49E+17,这个洗发水太好用了，洗出来味道很好，头发还很顺，直接给好评，下单两个小时就送货上门，京东太给力了,正面,清洁护肤,
2.49E+17,孩子一直用这款，使用效果不错，香味也很喜欢。,正面,清洁护肤,
2.49E+17,产品包装：产品包装新颖有趣，符合审美标准产品香味：产品气味淡，符合孕妇用使用感受：使用起来很方便，涂抹简单方便，效果很好其他特色：润滑效果一流，冬天再干燥的皮肤也不怕了啊总得来说是一款值得购买的产品，强烈推荐,正面,清洁护肤,
2.49E+17,价格真的合适，给摸在身体上很舒服,正面,清洁护肤,
2.49E+17,第二次买了，泡沫丰富，洗得很干净，头发也很顺滑,正面,清洁护肤,
2.49E+17,护发素很不错，柔顺丝滑,正面,清洁护肤,
2.49E+17,法国品牌的儿童洗发用品，用起来感觉换可以，虽然价格小贵了一点，希望能健康安全。京东快递发货快。暂时还没有发现其它的问题。,负面,清洁护肤,
2.49E+17,味道还是挺好闻的，保湿效果挺好。,正面,清洁护肤,
2.49E+17,晚上用了下感觉还不错味道也挺好闻的,正面,清洁护肤,
2.49E+17,用了几天后皮肤干燥，蜕皮严重,负面,清洁护肤,
2.49E+17,没有味道，家人用着很舒服。,正面,清洁护肤,
2.49E+17,效果很好，很喜欢&hellip;&hellip;,正面,清洁护肤,
2.49E+17,买了还没用，不知道效果怎么样？,中性,清洁护肤,
2.49E+17,很棒,中性,清洁护肤,
2.49E+17,很不错的会继续购买活动价购入,正面,清洁护肤,
2.49E+17,产品包装：完好无缺产品香味：淡淡的香，很自然的感觉使用感受：温和，上脸舒服不油腻，保湿效果好适合体质：适合孕妈，还有敏感肌,正面,清洁护肤,
2.49E+17,商品不错，比较温和，泡沫比较少的类型,正面,清洁护肤,
2.49E+17,还没用，看着很不错，用后追评。,正面,清洁护肤,
2.49E+17,产品香味：香味有点重，希望不会影响身体,负面,清洁护肤,
2.49E+17,这个椰子味后劲很足啊！满屋子的味！,正面,清洁护肤,
2.49E+17,用了头发比较蓬松，也不容易油，但是起头屑。,负面,清洁护肤,
2.49E+17,还是会卡粉，没有想像的好用,负面,清洁护肤,
2.49E+17,淡淡的清香，洗完脸之后不紧绷，好用！,正面,清洁护肤,
2.49E+17,产品包装很有质感还没用,正面,清洁护肤,
2.49E+17,效果一般,负面,清洁护肤,
2.49E+17,产品包装：包装设计风格独特，产品香味：产品香味正常使用感受：挺好其他特色：没适合体质：所有。,正面,清洁护肤,
2.49E+17,多次回购了，一直用这款，非常好用。以后应该也会一直用。价格也比实体店便宜不少，快递更是不用说，第二天就到货，强烈推荐大家购买！,正面,清洁护肤,
2.49E+17,用了很多年了，一直用这个牌子，很香又不会腻，反正春夏秋冬都会用，一直也在京东买，隔天到，质量有保障，用别的牌子都不习惯哈哈,正面,清洁护肤,
2.49E+17,质地透明清爽，感觉还不错，就是夏季天热，有时脸上什么都不想用。,正面,清洁护肤,
2.49E+17,好用，滋润不腻，淡淡的香味好闻,正面,清洁护肤,
2.49E+17,洗完脸面部很光滑，而且没有味道,正面,清洁护肤,
2.49E+17,非常的好用哟、,正面,清洁护肤,
2.49E+17,性价比高,正面,清洁护肤,
2.49E+17,没有香味，用着洗发效果也不错。,正面,清洁护肤,
2.49E+17,很好，非常棒，确实可以，值得购买，大家快冲啊！！！！！,正面,清洁护肤,
2.49E+17,家里的怀上了，兴奋之余就要找一些安全一点的护肤品，这个牌子口碑不错，于是就买来试一试了，感觉还是可以的，应该天然吧，就是味道一般般,负面,清洁护肤,
2.49E+17,啦啦啦啦我是卖报的小行家,中性,清洁护肤,
2.49E+17,~搜的孕期护肤品，本着一切为了孩子的想法，买了一套，隔离霜最先到货，爽肤水和乳液后来也到了，是无香型的，乳液感觉很清爽，一点不油腻，完全不刺激。用完会回购。,正面,清洁护肤,
2.49E+17,不是特别好用，用着倒是没有不透气的感觉但是还是有点闷痘,负面,清洁护肤,
2.49E+17,包装很简约，看上去不错，物流也很快，第二天就到了，虽然不是自营，但产品用些还可以，不刺激，没有什么香味，不错，希望以后多多搞活动,正面,清洁护肤,
2.49E+17,包装精致，淡淡香味，效果不错。,正面,清洁护肤,
2.49E+17,味道淡淡的，还没用，看着可以哦,正面,清洁护肤,
2.49E+17,难以使用，不适合我，有想要的联系我，给钱就卖！一瓶打开用了一次，一瓶还未开封。,负面,清洁护肤,
2.49E+17,一般一般一般,中性,清洁护肤,
2.49E+17,不知道好不好。不是自己的,中性,清洁护肤,
2.49E+17,很好用，配送很快！666,正面,清洁护肤,
2.49E+17,此用户未填写评价内容,中性,清洁护肤,
2.49E+17,一直用这个，挺好用,正面,清洁护肤,
2.49E+17,货到快外包装完好无损味道特别像用了已后皮肤光滑水润,正面,清洁护肤,
2.49E+17,比较滋润，不过今年没有很干，用的少,正面,清洁护肤,
2.49E+17,没有太大的气味不错好评吧，,正面,清洁护肤,
2.49E+17,特别喜欢这款产品，好用，用习惯了。,正面,清洁护肤,
2.49E+17,宝贝收到了，质量很不错，包装精致，材质优秀，比想象中好，送礼自用非常合适，下次继续购买，产品质量，客服服务态度特别好，很喜欢，好评,正面,清洁护肤,
2.49E+17,从出生一直在用，已经快4年了，味道好闻，没有刺激，好用,正面,清洁护肤,
2.49E+17,确实不错，物超所值 ,正面,清洁护肤,
2.49E+17,产品收到了，非常好，宝宝用起来也安心，推荐宝妈购买。,正面,清洁护肤,
2.49E+17,比亚版清爽,正面,清洁护肤,
2.49E+17,之前买了一支，洗脸挺干净的，第二次买了,正面,清洁护肤,
2.49E+17,速度很快，服务很好,正面,清洁护肤,
2.49E+17,一口气买了7瓶：洗发水，沐浴露，身体乳，洗面奶，爽肤水，润肤乳，润肤霜，非常好啊，送货也快，适合孕妇，特别特别特别好！！,正面,清洁护肤,
2.49E+17,用了好几年的洗面奶，好用,正面,清洁护肤,
2.49E+17,挺好的，很好吸收，刚怀孕，平时就是洗完澡的时候用，,正面,清洁护肤,
2.49E+17,用了试用装，感觉非常温和，有点清新的味道，洗完后头皮不痒了，个人感觉目前不错，以后就用这个牌子的洗发水啦。,正面,清洁护肤,
2.49E+17,孩子很大汗，之前用的洗发水感觉洗了还有汗味，这款很不错。,正面,清洁护肤,
2.49E+17,很爱使用的一款产品呀,正面,清洁护肤,
2.49E+17,这是给大宝买的，有一瓶还没用完，,中性,清洁护肤,
2.49E+17,还不错，用起来很保湿,正面,清洁护肤,
2.49E+17,起泡效果：适中产品香味：合适使用效果：好其他特色：10多岁女孩子也适合。,正面,清洁护肤,
2.49E+17,买过多次了，用的不错。,正面,清洁护肤,
2.49E+17,朋友介绍就买了，用了还不错?,正面,清洁护肤,
2.49E+17,孕期一直用，方便实用 ,正面,清洁护肤,
2.49E+17,第一次购买不知道效果怎么样昨天收到货今天早上试了一下感觉涂在脸上水水的,中性,清洁护肤,
2.49E+17,从3年前的孕期就开始用帕玛氏的各种产品，其中这款面霜是最爱，之前以为过完哺乳期就会换回孕前使用的那些品牌面霜了，但现在孩子都过2岁了还在用这款面霜，因为它对我这敏感肌的混油皮实在是很适合，还有15度防晒。这次小意外地下单到货后遇上活动降价，幸亏还没收货，联系卖方很快得到了回应，特别赞一下客服桔子，在确认情况后很快速就指引申请退了差价。退完差价后趁着活动价又再拍了一瓶这款面霜和另一款保湿霜，希望一如既往的好。 ,正面,清洁护肤,
2.49E+17,很好用，擦完没那么干,正面,清洁护肤,
2.49E+17,颜值好高哦产品香味：没有香味就很温和使用感受：第一次洗起泡有点难第二遍就会好一点只是单纯只挤2泵的话对于多发星人来说一瓶很快可以KO掉了因为孕期头发又油又痒希望有效后续追评,正面,清洁护肤,
2.49E+17,第一次在网上购买，也是看评价才买的,中性,清洁护肤,
2.49E+17,用了6年多了，这个非常好,正面,清洁护肤,
2.49E+17,拿回来就赶紧用了用，感觉好润滑，涂在脸上没有油腻感也没有闷的感觉，总的来说这个东西还是挺合适这个价格的，期待用久了会有惊喜,正面,清洁护肤,
2.49E+17,看着挺好，还没开始用，就是外盒没有塑料包装密封,负面,清洁护肤,
2.49E+17,孕妇才会买这个，总体来说性价比不高，国产也挺好的，就是孕期拿来用的，短期来说也看不出来什么来，这个时候成分安全最重要吧，,负面,清洁护肤,
2.49E+17,刚收到，看着挺好的，用了再来说吧,正面,清洁护肤,
2.49E+17,之前一直用洗护二合一的，宝宝头发长了，买了这个，洗碗头发滑滑的，很舒服,正面,清洁护肤,
2.49E+17,新品上市很高兴终于露面了精华，用完感觉脸紧实了有瘦脸的效果。总体不错,正面,清洁护肤,
2.49E+17,味道很好闻，洗完香喷喷的，娃大爱，以后就买这个了,正面,清洁护肤,
2.49E+17,产品香味：没有香味使用感受：挺好的，鼻子敏感，这个完全不影响产品包装：包装蛮好的，没有折损,正面,清洁护肤,
2.49E+17,618囤货，每年这时必买，还是很合适的，来年再战！618囤货，每年这时必买，还是很合适的，来年再战！,正面,清洁护肤,
2.49E+17,好好好好好好好好好好好好好好好好好好好好好好好好好好好好好好好好好好好好好好好好好好好好好好好好好好好好好好好好好好好好好好好好好好好好好好好好好好好好好好好好好好好好好好好好好好好好好好好好,中性,清洁护肤,
2.49E+17,一直用这个牌子，特别好用很好！,正面,清洁护肤,
2.49E+17,宝贝收到了，还没开始用，用了再来评价,中性,清洁护肤,
2.49E+17,还没有使用呢！不知道怎么样,中性,清洁护肤,
2.49E+17,用着很好～北方的冬天应该可以应对～,正面,清洁护肤,
2.49E+17,用起来感觉还行，也没有很大的香味,正面,清洁护肤,
2.49E+17,味道有点受不了,负面,清洁护肤,
2.49E+17,这款精华是我买来专门晚上睡前使用的，因为精华液在夜里会吸收好一点，而且孕期也不敢用普通的护肤品，秋天到了，皮肤有些干燥，晚上涂一些精华液，还是有好处的，白天可以戴个口罩，这样皮肤不会被寒风吹干，同时也能保留住精华的效果,正面,清洁护肤,
2.49E+17,给老婆买的，孕期使用，还不错,正面,清洁护肤,
2.49E+17,不好用，泡泡很少，气味难闻，洗完头发也不柔顺,负面,清洁护肤,
2.49E+17,包装看上去很不错，试了下感觉挺清爽的，不是那种油油的，很喜欢,正面,清洁护肤,
2.49E+17,对这个牌子小小失望，拿到手机没啥质感，最不喜欢这个洗面奶了，是那种不起沫还没滑腻那种，感觉没去脏还冲不干净&hellip;这价钱感觉可以买很好的国产品牌了,负面,清洁护肤,
2.49E+17,看错了，还要一年半才到期。抱歉了。错怪店家了。,中性,清洁护肤,
2.49E+17,泡沫挺多的，没有任何味道，不错,正面,清洁护肤,
2.49E+17,别人推荐的，希望有效果,正面,清洁护肤,
2.49E+17,东西好好味道淡淡清香特喜欢,正面,清洁护肤,
2.49E+17,给老婆买的?(???&thinsp;????????)?,中性,清洁护肤,
2.49E+17,使用过一瓶，二次购买了。宝宝用的选了好久选择这个产品。滋润不油腻,正面,清洁护肤,
2.49E+17,非常好用，泡沫比较丰富，用完脸很光滑！,正面,清洁护肤,
2.49E+17,洗发水挺好的，味道清淡，用起来头发柔顺，挺好的,正面,清洁护肤,
2.49E+17,很好，味道好闻很喜欢！,正面,清洁护肤,
2.49E+17,刚收货就用了一下，洗完脸滑滑的，在用片面膜，很好哦。,正面,清洁护肤,
2.49E+17,已经回购过两次，特别好用,正面,清洁护肤,
2.49E+17,淡淡的香味、容易过水。好好好,正面,清洁护肤,
2.49E+17,~推荐，买来试试，过一段时间再来评价,中性,清洁护肤,
2.49E+17,搜索备孕期可以用，孕期应该也能用，是专门针对孕妈和宝妈宝宝做的一系列产品，用着不过敏，敏感肌可以用，用好了还会继续再来的,正面,清洁护肤,
2.49E+17,味道太浓,负面,清洁护肤,
2.49E+17,好用，以前娃脸上有红点，用了这个，慢慢就没有了。个人感觉挺好。,正面,清洁护肤,
2.49E+17,起泡效果好，味道也高闻。。。,正面,清洁护肤,
2.49E+17,一般般吧没有说的那么好用,负面,清洁护肤,
2.49E+17,还行吧，买了好几次了。,正面,清洁护肤,
2.49E+17,一般般舒适度不是特别好。不起沫。不起泡沫。,负面,清洁护肤,
2.49E+17,很好用。,正面,清洁护肤,
2.49E+17,用了一段时间，没有长脂肪粒，也没过敏，效果嘛，比不用好。本人属于护肤懒人哈哈。?,正面,清洁护肤,
2.49E+17,买了两套怀孕期间什么味道都不能闻这个没任何香味保湿效果好,正面,清洁护肤,
2.49E+17,一直就用着壁丽家的产品。。。。。。。。。,中性,清洁护肤,
2.49E+17,挺好用的哦.....,正面,清洁护肤,
2.49E+17,特别保湿，用完再买一套,正面,清洁护肤,
2.49E+17,味道有点大，容量还是比较多的，实惠,负面,清洁护肤,
2.49E+17,还没有用，奔着是孕妇用的去买的，,正面,清洁护肤,
2.49E+17,面膜收到了，粉嫩嫩的包装好心水。使用以后脸上水嫩嫩的，很有光泽 ,正面,清洁护肤,
2.49E+17,京东买东西太多，不想一个一个评价了，东西如果挺好我都是这几句话！看到这里就知道这款东西我是满意的！,正面,清洁护肤,
2.49E+17,媳妇在用,中性,清洁护肤,
2.49E+17,一直在用,中性,清洁护肤,
2.49E+17,使用感受：看不出什么效果呢，估计需要长时间使用吧?,负面,清洁护肤,
2.49E+17,给媳妇买的，比线下便宜很多，物美价廉，挺好,正面,清洁护肤,
2.49E+17,已经多次购买，好用。还会继续支持。,正面,清洁护肤,
2.49E+17,东西非常好，是正品，物流很快,正面,清洁护肤,
2.49E+17,非常好用，宝宝用起来非常舒服，赞?,正面,清洁护肤,
2.49E+17,味道好闻，淡淡的，洗了后头发也很顺,正面,清洁护肤,
2.49E+17,还没用，这次是回购妙思乐的身体乳，顺便买一个洗发露用用！,正面,清洁护肤,
2.49E+17,一般,中性,清洁护肤,
2.49E+17,有效，滋润，保湿，很不错的,正面,清洁护肤,
2.49E+17,货已收到，香味还可以，但是感觉有一点干不知道保湿效果怎么样,负面,清洁护肤,
2.49E+17,买了好多次了，还是比较好用的！,正面,清洁护肤,
2.49E+17,一直以来皮肤都非常敏感肌肤干燥非常的痒，怀孕后又加上冬天皮肤更加干燥，所以就买了这款身体乳，抹了以后皮肤也不会很干了，感觉还不错,正面,清洁护肤,
2.49E+17,漂亮,中性,清洁护肤,
2.49E+17,宝贝收到了，袋鼠妈妈是身边很多怀孕好友的护肤品，自己怀孕后果断的入手了，味道淡淡的，挺滋润的，非常的喜欢 ,正面,清洁护肤,
2.49E+17,亲润的东西一般，也有可能是我自己皮肤太干了，用完还是干。,负面,清洁护肤,
2.49E+17,物美价廉，质量有保证，送货方便,正面,清洁护肤,
2.49E+17,很好用，成份也放心,正面,清洁护肤,
2.49E+17,还没用包装完好,正面,清洁护肤,
2.49E+17,很好用的产品，即使过了孕期，也很喜欢,正面,清洁护肤,
2.49E+17,还不错香味还可以,正面,清洁护肤,
2.49E+17,孕期使用包装挺好的味道也不刺激听说是宝妈专用的应该是不错的推荐,正面,清洁护肤,
2.49E+17,回购好几次了，没有什么味道，用起来特别放心，会继续回购的。,正面,清洁护肤,
2.49E+17,总是买这个牌子的东西感觉还可以！,正面,清洁护肤,
2.49E+17,快递很快，当天下的单第二天就到了，产品也不错，补水效果很好,正面,清洁护肤,
2.49E+17,很好用，孩子挺喜欢的。,正面,清洁护肤,
2.49E+17,老公送的520礼物，勉强及格吧，洗面奶不错(*?&acute;╰╯`?)?,中性,清洁护肤,
2.49E+17,不愧是大牌子，和实体店没有区别，价格还便宜,正面,清洁护肤,
2.49E+17,满199减100的时候购买的，很多婴儿用品，比较实惠,正面,清洁护肤,
2.49E+17,本次购物体验极差，没有收到货物显示签收，咨询客服也不积极解决，就是往京东官方推。超时和不能发货也不主动说明，都是要自己追着问。其他因为疫情不能发货的都主动联系让在时限内终止订单了，就他们家一点都不积极主动，没有任何服务意识,负面,清洁护肤,
2.49E+17,头发洗完顺滑，不打结,正面,清洁护肤,
2.49E+17,买了三瓶结果寄来的都是只剩7个月就过期的。,负面,清洁护肤,
2.49E+17,乳液收到了还不错，洗面奶还没去拿，估计应该可以,正面,清洁护肤,
2.49E+17,孕妇可以用，无刺激,正面,清洁护肤,
2.49E+17,怀孕后头发特别油也特别痒，用了两次，有点效果。,正面,清洁护肤,
2.49E+17,还没打开用，不过网上查了，各方面的反馈都不错，希望会好用，一直都相信京东，在京东买有保障，平时先放购物车，然后便宜了再买！,正面,清洁护肤,
2.49E+17,东西很好，很好用，很满意。,正面,清洁护肤,
2.49E+17,物流非常的快！产品的质量也有保障！现在正在使用还不知道有没有效果但是他的这个味道挺香！,正面,清洁护肤,
2.49E+17,听群里孕妈说不错，买回来试试,中性,清洁护肤,
2.49E+17,味道清新，超级喜欢，用它做刮痧用油超级好，不会感到太过油腻，又刚刚好可以滋润皮肤。我喜欢这款，所以又买又囤的搞了两瓶，很赞！,正面,清洁护肤,
2.49E+17,很好很好很好很好很好很好很好很好很好很好很好很好很好很好很好很好很好很好很好很好很好很好很好很好,中性,清洁护肤,
2.49E+17,京东物流很给力，包装很好、严实,正面,清洁护肤,
2.49E+17,用着还行吧,正面,清洁护肤,
2.49E+17,在网上看到的风吹的很大。。。。。。。。。。。抱着试试的心态买了。。。。。。。。。。。价格不算便宜。。。。。。。。。。不过做活动还好些。。。。。。。气垫不错,负面,清洁护肤,
2.49E+17,不错?哇！,正面,清洁护肤,
2.49E+17,洗发效果好，洗完很柔顺。,正面,清洁护肤,
2.49E+17,不错的，喜欢这个香味,正面,清洁护肤,
2.49E+17,很滋润绝对是最开心的一次购物，店家服务态度很好，售后也是,正面,清洁护肤,
2.49E+17,产品香味：香味应该算比较重的一款吧，但是可以接受，我们是出生就用的这个牌子，没有发现什么不适的起泡效果：挺好，每次倒一点点在手心可以揉出丰富的泡泡使用效果：洗得干净，容易冲洗,正面,清洁护肤,
2.49E+17,小朋友一直用的一个品牌，刺激性小，成分天然,正面,清洁护肤,
2.49E+17,肚子上，妊娠纹不大，腿上倒是长了，摸了摸没有增多慢慢看吧,中性,清洁护肤,
2.49E+17,嫩芙的感觉水军没少请，刚怀孕一搜百度啥的全是夸嫩芙的，买了洗发露，水乳，不便宜倒是真的，关键是太难用，难用的完全用不下去，水乳直接没用完，换了亲润的，便宜还比嫩芙好用，洗发水30多一瓶用着跟嫩芙洗发水没多大区别，都不控油，但是别人胜在便宜，真的以后朋友怀孕，我强烈推荐不要买嫩芙。,负面,清洁护肤,
2.49E+17,香香的很好闻,正面,清洁护肤,
2.49E+17,赶了个活动很实惠，用起来也不粘腻，没有味道，蛮好的,正面,清洁护肤,
2.49E+17,好用一点都不辣眼睛,正面,清洁护肤,
2.49E+17,正在备孕，很多网友都是这款是孕妇用的就买来试试没有什么异味，洗了脸后也不紧绷,正面,清洁护肤,
2.49E+17,一直在用，不错！！！,正面,清洁护肤,
2.49E+17,很湿润，油油的，还好,负面,清洁护肤,
2.49E+17,用于脸部按摩前使用，很滋润，吸收也很快,正面,清洁护肤,
2.49E+17,上面怎么涂都有像面粉一样清理不干净，比较浪费时间，每次都是因为这个霜迟到，已不打算再用,负面,清洁护肤,
2.49E+17,很好很好很好很好hh,中性,清洁护肤,
2.49E+17,用起来非常的不错，无味道，不刺激，是孕妇的首选,正面,清洁护肤,
2.49E+17,有效果，可以买，挺好用的，赞一个,正面,清洁护肤,
2.49E+17,一直使用这个品牌,中性,清洁护肤,
2.49E+17,产品包装：很不错产品香味：淡淡的使用感受：适合孕妇使用其他特色：怀孕了不敢用其他东西，~说亲润的东西不错买来用用还买了他家的沐浴露，唇膏应该还不错?????。,正面,清洁护肤,
2.49E+17,很喜欢，愉快的一次购物，一直相信京东商城网购，小朋友很喜欢,正面,清洁护肤,
2.49E+17,和乳液一起到的，非常快，很放心,正面,清洁护肤,
2.49E+17,怀孕了，想买一款环保的洗发水，看到很多人推荐这款，就买来试试，价格比较高，一小瓶就168元，还没用，不知道效果如何，配料表拍了一下，有需要的亲可以参考。用后再追评效果。,正面,清洁护肤,
2.49E+17,假货,负面,清洁护肤,
2.49E+17,一直听说这个牌子不错，买来试试。,中性,清洁护肤,
2.49E+17,特别好，没有一点味道，泡沫很多，非常好用,正面,清洁护肤,
2.49E+17,不是很好滋润，可能是不适合我吧,负面,清洁护肤,
2.49E+17,物流很快，就是感觉有点少,负面,清洁护肤,
2.49E+17,很保湿味道也好闻不错不错不错不错不错不错不错,正面,清洁护肤,
2.49E+17,安全放心，推荐使用。,正面,清洁护肤,
2.49E+17,看着不错，还没有用呢。,正面,清洁护肤,
2.49E+17,老顾客了，备孕怀孕一直在用，以后打算长期用，很好的产品，正品保证，清洁保湿补水不错，以后还会继续无线回购的,正面,清洁护肤,
2.49E+17,敢用,中性,清洁护肤,
2.49E+17,很好用，很好吸收，不油，用完了再买,正面,清洁护肤,
2.49E+17,都不敢晒单免费百货大楼多年的本身,中性,清洁护肤,
2.49E+17,整个孕期都在用。没特殊气味。还可以的。,正面,清洁护肤,
2.49E+17,挺好,中性,清洁护肤,
2.49E+17,收到啦，拍下后很快收到了。孕期要注意，买孕妇专用比较放心。,正面,清洁护肤,
2.49E+17,可以，备孕中，用着觉得还可以,正面,清洁护肤,
2.49E+17,淡淡的清香味，宝宝从出生就用的这款产品，每次用一滴就够了，一瓶可以用一年，哈哈。男孩子出汗多，还是需要有点点香味的，洗完后头上就没有汗臭味了。,正面,清洁护肤,
2.49E+17,温和不刺激，也没有什么特别的味道，挺好用的。,正面,清洁护肤,
2.49E+17,冬季皮肤特别干燥，到手后迫不及待的试了，效果超级棒，白菜价的宝贝呀,正面,清洁护肤,
2.49E+17,不错，支持京东正品理念,正面,清洁护肤,
2.49E+17,小朋友一直用这个牌子的沐浴露和洗发露，对小朋友很友好，京东物流运送很快,正面,清洁护肤,
2.49E+17,产品包装：包装完好无损，很放心。适合体质：婆孕期非常适合,正面,清洁护肤,
2.49E+17,刚用，没什么感觉，发货是很快的,正面,清洁护肤,
2.49E+17,没有异味，洗完不是很顺滑但是应该用着比较放心，就是很贵很少,负面,清洁护肤,
2.49E+17,给媳妇购买的，使用之后效果不错，感谢快递小哥！,正面,清洁护肤,
2.49E+17,还没用凑单买的,中性,清洁护肤,
2.49E+17,包装完好快递给力用了一下感觉还不错,正面,清洁护肤,
2.49E+17,还没开始用呢，用了以后会来追加评价。,中性,清洁护肤,
2.49E+17,看着挺漂亮的,正面,清洁护肤,
2.49E+17,看起来很高档,正面,清洁护肤,
2.49E+17,香，但洗完后头发涩，对应细软头发，小朋友会疼到哭,负面,清洁护肤,
2.49E+17,第一次买的是旧包装，现在换新包装了，期待效果&hellip;&hellip;,中性,清洁护肤,
2.49E+17,效果目前没看出,中性,清洁护肤,
2.49E+17,不错哦,正面,清洁护肤,
2.49E+17,还没用呢，不知道好不好啊,中性,清洁护肤,
2.49E+17,挺好的回购的第二瓶没有什么大的味道,正面,清洁护肤,
2.49E+17,买回来以后用了下，还不错，泡沫也比较丰富，清洁效果很好，而且没有香味，很适合不喜欢闻香味的人使用，是不错的产品，希望以后多多搞活动,正面,清洁护肤,
2.49E+17,还没用，以后用了再来评价,中性,清洁护肤,
2.49E+17,可以,中性,清洁护肤,
2.49E+17,第二次买很好用味道好闻,正面,清洁护肤,
2.49E+17,东西很不错呀，物超所值！而且京东物流有保障，值得买！信任京东！,正面,清洁护肤,
2.49E+17,买了还没有用呢，不知道好不好用,中性,清洁护肤,
2.49E+17,用着还不错，挺润的，孕妇专用放心！,正面,清洁护肤,
2.49E+17,一点味道都没有，应该安全,负面,清洁护肤,
2.49E+17,挺好用的，用之前一直有头屑，用了两次左右就没有了，头发掉的也比以前少了！,正面,清洁护肤,
2.49E+17,这个身体乳还没开始用，但是我这个擦脸的香已经开始用了，身体乳的话挺大一瓶子的，日期也比较近，防伪标也有发货很快，我是怕冬天洗完澡会起皮，所以买一瓶备用了，反正以后生了孩子也是可以用的嗯，买的时候有一定的主题扣还是挺划算的，我觉得像这种东西最好是在有~的时候买，要不然嗯，平时买的时候他过了还得去嗯(&gt;﹏&lt;)不过京东有一个功能，就是额价格保护嗯，这个东西我买完了，之后的话都进行了价格保护，可以保护到九块钱的样子吧？哎呀，挺不错，挺好的(?▽?),正面,清洁护肤,
2.49E+17,起泡效果：泡沫很丰富产品香味：香味好闻，很喜欢使用效果：洗得干净又不会很干涩,正面,清洁护肤,
2.49E+17,使用后皮肤很滋润，不干燥了，吸收效果好，已经又回购了,正面,清洁护肤,
2.49E+17,亲润也是孕妇护肤品，价格很亲民，比较了好多，最终选定了亲润,正面,清洁护肤,
2.49E+17,性价比挺高的儿童护肤品，妈妈也可以用,正面,清洁护肤,
2.49E+17,去渍能力挺好的，挺好闻，我也喜欢用泡沫丰富的 ,正面,清洁护肤,
2.49E+17,但愿有效果！,中性,清洁护肤,
2.49E+17,喜欢&hellip;&hellip;相信京东！信赖京东！一直在京东购买各种东西,正面,清洁护肤,
2.49E+17,一直用这家的，很不错，,正面,清洁护肤,
2.49E+17,产品很好不错下次继续买,正面,清洁护肤,
2.49E+17,非常香，放在包里也方便特别喜欢,正面,清洁护肤,
2.49E+17,东西收到了，刚才媳妇拆开迫不及待的试了一下，感觉非常温和，送的爽肤水也非常的好吸收，洗面奶洗过后脸也不干，非常适合怀宝宝的宝妈们，值得推荐,正面,清洁护肤,
2.49E+17,吸收好快，不知道效果咋样，先赚点豆豆,正面,清洁护肤,
2.49E+17,这个有一段时间下架了，现在再买味道不仅变了，颜色也变了，之前是金盏花淡淡的香味，现在没味道了，而且之前是嫩黄色，现在是偏白色多一点，不知道为什么，图片是之前买的，后来买的颜色味道变了，就给他爸用了?,负面,清洁护肤,
2.49E+17,挺好用的，卖家服务很好，用完之后很顺,正面,清洁护肤,
2.49E+17,现在才发现，买的五件套，收到的是四件套，少了护臀膏，当时没发现?,中性,清洁护肤,
2.49E+17,囤货，一直回购，挺好的，味道也不错,正面,清洁护肤,
2.49E+17,我家孩子一直用的这个牌子洗发水，头发不打结跟柔软，气味清香好闻，以后还会光顾的的，希望活动多点吧！,正面,清洁护肤,
2.49E+17,小孩洗发水五十多一瓶都五岁了一直用不知道用不用这么奢侈哎总想给最好的再坚持坚持吧等大点再换大人洗发水这个产品很温和洗完真的效果很好一份价钱一分货,中性,清洁护肤,
2.49E+17,用过后挺好，不干了不痒了，挺保湿,正面,清洁护肤,
2.49E+17,东西收到后，拆开后发现没有封口，不知道质量有没有影响。,负面,清洁护肤,
2.49E+17,孕期一直用这个洗面奶，特别好用，强烈推荐大家使用。,正面,清洁护肤,
2.49E+17,很不错小孩儿很少能买到洗发液和浴液分开的敏感肌用着没问题,正面,清洁护肤,
2.49E+17,价格比较实惠，质量还可以,正面,清洁护肤,
2.49E+17,产品香味：很好产品包装：完,正面,清洁护肤,
2.49E+17,东西很好很满意东西很好很满意东西很好很满意,正面,清洁护肤,
2.49E+17,老婆孕期一直在用这款橄榄油，还不错。,正面,清洁护肤,
2.49E+17,东西收到，很不错。。,正面,清洁护肤,
2.49E+17,回购很多次的宝贝了，真心好用！内蒙天气特别干，汗蒸完涂抹它已经成为一种习惯，滋润效果很棒，我不但推荐了身边的小伙伴下单，还在~等app背写了笔记，目的是分享给更多需求的仙女们！?,正面,清洁护肤,
2.49E+17,包装好，用着不刺激，自然美白，很值得推荐,正面,清洁护肤,
2.49E+17,橄榄油收到了，瓶装的，容量小了点同价位的，京东自营产品，物流速度很快，二天就送达了，东西不错，期待有好的效果，价格还算可以，用京豆可以抵扣一部分,正面,清洁护肤,
2.49E+17,使用感受：感觉挺不错的,正面,清洁护肤,
2.49E+17,没有很香的味道，用着很放心。,正面,清洁护肤,
2.49E+17,很好用哦,正面,清洁护肤,
2.49E+17,用得不多也就一个来月就用完了，挤不出来了，打开看看到里面还有，出不来，这一款是没有管子的，空气压的，这一点非常不满意,负面,清洁护肤,
2.49E+17,正在使用中，目前没有反应,中性,清洁护肤,
2.49E+17,赠送,中性,清洁护肤,
2.49E+17,物流很快，包装精巧。,正面,清洁护肤,
2.49E+17,用了很多年了，一直回购。。。。。。。。。。。。。。。。。。。,正面,清洁护肤,
2.49E+17,乳液不粘腻，滋润度好。洗发用品基本无香味，泡沫丰富，用后头发顺滑。很适合孕期使用。商家还送了面膜和试用装还有干发帽。很满意的一次购物体验。,正面,清洁护肤,
2.49E+17,一直用的牌子，小孩儿大人都可用！ ,正面,清洁护肤,
2.49E+17,香味儿很特别，奶香那种，很喜欢，不油腻，用着很舒服。,正面,清洁护肤,
2.49E+17,价格不贵，希望能有效果。,负面,清洁护肤,
2.49E+17,宝贝一直用这个，孩子大了以后就不能用二合一了，推荐,中性,清洁护肤,
2.49E+17,包装很好，质量过关！京东买东西安全放心，关键是物流和售后服务真是一级棒！同样的网购东西基本都在京东买，用着放心，买着开心！客服态度也是一级棒！,正面,清洁护肤,
2.49E+17,保湿效果很棒，妆容持久不脱妆，上妆自然服帖，用了气色也挺不错的，味道很好闻，值得入手。,正面,清洁护肤,
2.49E+17,挺好用，上次买了用着不错，这次活动买了两个,正面,清洁护肤,
2.49E+17,买来用来面部刮痧使用的也是在小红书上被种草使用下来之后，觉得还不错，不是很油，很清爽味道也比较好闻，相信京东的品质应该是正品，价格公道物流很快。,正面,清洁护肤,
2.49E+17,哎&hellip;&hellip;京东物流也这样了嘛？这是忘了给这个填充物充气了吧？？,负面,清洁护肤,
2.49E+17,特别好很润味道淡淡的像面部刮痧居家好品,正面,清洁护肤,
2.49E+17,挺好的挺好用挺好的挺好用,正面,清洁护肤,
2.49E+17,好用，有股清香的味道，用完脸部很润，不紧绷，挺好的,正面,清洁护肤,
2.49E+17,抹上不粘腻，没什么香味,正面,清洁护肤,
2.49E+17,买晚了,中性,清洁护肤,
2.49E+17,很不错，与描述一样，推荐购买,正面,清洁护肤,
2.49E+17,比想象的还要好，用起来不油腻，喜欢,正面,清洁护肤,
2.49E+17,挺喜欢的，用着也挺舒服的,正面,清洁护肤,
2.49E+17,还可以！没有什么香味,正面,清洁护肤,
2.49E+17,不好,中性,清洁护肤,
2.49E+17,洗的很干净。挺不错,正面,清洁护肤,
2.49E+17,配送十分神速，上午下单下午到货,正面,清洁护肤,